AccountSid,PhysicalNumber,VirtualNumber,Usage,_state
tvscredit3m,01135048902,01144739681,1,pn
tvscredit3m,01135048903,01144739684,1,pn
tvscredit3m,01135048904,01144739685,1,pn
tvscredit3m,01135048905,01144739686,1,pn
tvscredit3m,01135048906,01144739687,1,pn
tvscredit3m,01135048907,01144739692,1,pn
tvscredit3m,01135048908,01144739693,1,pn
tvscredit3m,01135048909,01144739694,1,pn
tvscredit3m,01135048910,01144739697,1,pn
tvscredit3m,01135048911,01144739698,1,pn
tvscredit3m,08035791600,02047170504,1,pn
tvscredit3m,02069105268,02047170504,1,pn
tvscredit3m,08035791601,02047170507,1,pn
tvscredit3m,02069105333,02047170507,1,pn
tvscredit3m,08035791602,02047170509,1,pn
tvscredit3m,02069105370,02047170509,1,pn
tvscredit3m,08062410599,02047170523,1,pn
tvscredit3m,08035791603,02047170523,1,pn
tvscredit3m,02069105331,02047170523,1,pn
tvscredit3m,02269913050,02047170523,1,pn
tvscredit3m,08035791604,02047170527,1,pn
tvscredit3m,02069105422,02047170527,1,pn
tvscredit3m,02069105163,02047170529,1,pn
tvscredit3m,08035791605,02047170529,1,pn
tvscredit3m,02235511227,02047170530,1,pn
tvscredit3m,08035791606,02047170530,1,pn
tvscredit3m,02035025149,02047170530,1,pn
tvscredit3m,02269913084,02047170530,1,pn
tvscredit3m,08035791607,02047170900,1,pn
tvscredit3m,08035791608,02047170906,1,pn
tvscredit3m,08035791609,02047170916,1,pn
tvscredit3m,01169098616,02047170916,1,pn
tvscredit3m,08035791592,02048566821,1,pn
tvscredit3m,08035791593,02048566823,1,pn
tvscredit3m,04435083001,02048566861,1,pn
tvscredit3m,03335074847,02048566861,255,pn
tvscredit3m,03335074847,02048566861,1,pn
tvscredit3m,08035791594,02048566861,1,pn
tvscredit3m,08038024101,02048566861,1,pn
tvscredit3m,02241780001,02048566861,1,pn
tvscredit3m,08035791595,02048566865,1,pn
tvscredit3m,02047170785,02071528977,1,pn
tvscredit3m,08035791596,02071528977,1,pn
tvscredit3m,08035791597,02071529006,1,pn
tvscredit3m,02047170786,02071529006,1,pn
tvscredit3m,02047170787,02071529010,1,pn
tvscredit3m,08035791598,02071529010,1,pn
tvscredit3m,08035791599,02071529080,1,pn
tvscredit3m,01169053087,02071529080,1,pn
tvscredit3m,03369019911,02071529080,1,pn
tvscredit3m,02047170788,02071529080,1,pn
tvscredit3m,02269912471,02241499165,1,pn
tvscredit3m,01169053078,02241499165,1,pn
tvscredit3m,01135054020,02241499165,1,pn
tvscredit3m,01135054019,02241499852,1,pn
tvscredit3m,02269912472,02241499852,1,pn
tvscredit3m,01169053077,02241499852,1,pn
tvscredit3m,01169053076,02241499853,1,pn
tvscredit3m,02269912473,02241499853,1,pn
tvscredit3m,01135054017,02241499853,1,pn
tvscredit3m,02235037589,02249360279,1,pn
tvscredit3m,02269912463,02249360279,1,pn
tvscredit3m,02235037616,02249360501,1,pn
tvscredit3m,02269912464,02249360501,1,pn
tvscredit3m,02235037709,02249360517,1,pn
tvscredit3m,02269912465,02249360517,1,pn
tvscredit3m,02235037736,02249360540,1,pn
tvscredit3m,02269912466,02249360540,1,pn
tvscredit3m,02235037766,02249360541,1,pn
tvscredit3m,02269912467,02249360541,1,pn
tvscredit3m,01135054016,02249360554,1,pn
tvscredit3m,02269912468,02249360554,1,pn
tvscredit3m,01169053075,02249360554,1,pn
tvscredit3m,01169053080,02249360562,1,pn
tvscredit3m,01135054022,02249360562,1,pn
tvscredit3m,02269912469,02249360562,1,pn
tvscredit3m,01135054021,02249360582,1,pn
tvscredit3m,02269912470,02249360582,1,pn
tvscredit3m,01169053079,02249360582,1,pn
tvscredit3m,01135048925,03341816239,1,pn
tvscredit3m,01135048926,03341816242,1,pn
tvscredit3m,01135048927,03341816243,1,pn
tvscredit3m,01135048928,03341816440,1,pn
tvscredit3m,01135048929,03344400021,1,pn
tvscredit3m,01135048930,03344400031,1,pn
tvscredit3m,01135048931,03344400032,1,pn
tvscredit3m,01135048932,03344400034,1,pn
tvscredit3m,01169053085,03344400035,1,pn
tvscredit3m,03348072022,03344400035,1,pn
tvscredit3m,03368128011,03344400035,1,pn
tvscredit3m,08037500044,03344400035,1,pn
tvscredit3m,07948229097,03344400035,1,pn
tvscredit3m,01135048933,03344400035,1,pn
tvscredit3m,01141182041,03344400035,1,pn
tvscredit3m,01135048934,03344400036,1,pn
tvscredit3m,01135048935,03344400037,1,pn
tvscredit3m,08047166025,03344400038,1,pn
tvscredit3m,01144743639,03344400038,1,pn
tvscredit3m,03348072031,03344400038,1,pn
tvscredit3m,03368128008,03344400038,1,pn
tvscredit3m,01135048937,03344400039,1,pn
tvscredit3m,01135048938,03344400051,1,pn
tvscredit3m,01135048939,03344400053,1,pn
tvscredit3m,01135048940,03344400057,1,pn
tvscredit3m,07948229087,04048214349,1,pn
tvscredit3m,01135048997,04048214349,1,pn
tvscredit3m,01169053057,04048214349,1,pn
tvscredit3m,02269151005,04048214351,1,pn
tvscredit3m,02269913051,04048214351,1,pn
tvscredit3m,04035098612,04048214351,1,pn
tvscredit3m,08062410233,04048214351,1,pn
tvscredit3m,01135048996,04048214351,1,pn
tvscredit3m,01169053056,04048214351,1,pn
tvscredit3m,08062410234,04048214352,1,pn
tvscredit3m,01135048995,04048214352,1,pn
tvscredit3m,01169053055,04048214352,1,pn
tvscredit3m,04069169651,04048214352,1,pn
tvscredit3m,04069169653,04048214354,1,pn
tvscredit3m,01135048994,04048214354,1,pn
tvscredit3m,08062410235,04048214354,1,pn
tvscredit3m,01169053054,04048214354,1,pn
tvscredit3m,04069169654,04048214356,1,pn
tvscredit3m,01135048993,04048214356,1,pn
tvscredit3m,01169053053,04048214356,1,pn
tvscredit3m,08062410236,04048214356,1,pn
tvscredit3m,01135048992,04048214357,1,pn
tvscredit3m,04069169655,04048214357,1,pn
tvscredit3m,01169053052,04048214357,1,pn
tvscredit3m,08062410237,04048214357,1,pn
tvscredit3m,01169053051,04048214358,1,pn
tvscredit3m,04069169656,04048214358,1,pn
tvscredit3m,08062410238,04048214358,1,pn
tvscredit3m,01135048991,04048214358,1,pn
tvscredit3m,01135048990,04048214360,1,pn
tvscredit3m,01169053050,04048214360,1,pn
tvscredit3m,04069169657,04048214360,1,pn
tvscredit3m,08062410239,04048214360,1,pn
tvscredit3m,01169053049,04048214503,1,pn
tvscredit3m,04069169658,04048214503,1,pn
tvscredit3m,08062410240,04048214503,1,pn
tvscredit3m,01135048989,04048214503,1,pn
tvscredit3m,01135048988,04048214504,1,pn
tvscredit3m,01169053048,04048214504,1,pn
tvscredit3m,04069169659,04048214504,1,pn
tvscredit3m,04069169660,04048214527,1,pn
tvscredit3m,01135048987,04048214527,1,pn
tvscredit3m,01169053047,04048214527,1,pn
tvscredit3m,04069169661,04048938008,1,pn
tvscredit3m,01135048983,04048938008,1,pn
tvscredit3m,01169053043,04048938008,1,pn
tvscredit3m,01135048984,04048938265,1,pn
tvscredit3m,01169053044,04048938265,1,pn
tvscredit3m,04069169663,04048938265,1,pn
tvscredit3m,04069169664,04048938266,1,pn
tvscredit3m,01135048985,04048938266,1,pn
tvscredit3m,01169053045,04048938266,1,pn
tvscredit3m,01135048986,04048938267,1,pn
tvscredit3m,01169053046,04048938267,1,pn
tvscredit3m,04069169666,04048938267,1,pn
tvscredit3m,01169053058,04048938268,1,pn
tvscredit3m,04069169667,04048938268,1,pn
tvscredit3m,01135048998,04048938268,1,pn
tvscredit3m,01135054000,04048938269,1,pn
tvscredit3m,01135048999,04048938269,1,pn
tvscredit3m,01169053059,04048938269,1,pn
tvscredit3m,04069169669,04048938269,1,pn
tvscredit3m,01169053060,04048938270,1,pn
tvscredit3m,04069169670,04048938270,1,pn
tvscredit3m,01135054001,04048938270,1,pn
tvscredit3m,01169053042,04048938271,1,pn
tvscredit3m,01135048982,04048938271,1,pn
tvscredit3m,04069169673,04048938271,1,pn
tvscredit3m,07969457992,04446974402,1,pn
tvscredit3m,04469089602,04446974402,1,pn
tvscredit3m,04435083046,04446974402,1,pn
tvscredit3m,04469089603,04446974405,1,pn
tvscredit3m,04435083047,04446974405,1,pn
tvscredit3m,07969457993,04446974405,1,pn
tvscredit3m,07969457994,04446974520,1,pn
tvscredit3m,04469089604,04446974520,1,pn
tvscredit3m,04435083048,04446974520,1,pn
tvscredit3m,07969457995,04446974539,1,pn
tvscredit3m,04469089605,04446974539,1,pn
tvscredit3m,04435083049,04446974539,1,pn
tvscredit3m,07969457996,04446974604,1,pn
tvscredit3m,04469089606,04446974604,1,pn
tvscredit3m,04435083050,04446974604,1,pn
tvscredit3m,07969457997,04446974605,1,pn
tvscredit3m,04469089607,04446974605,1,pn
tvscredit3m,04435083051,04446974605,1,pn
tvscredit3m,04435083052,04446974606,1,pn
tvscredit3m,07969457998,04446974606,1,pn
tvscredit3m,04469089608,04446974606,1,pn
tvscredit3m,07969457999,04446974607,1,pn
tvscredit3m,04469089609,04446974607,1,pn
tvscredit3m,04435083053,04446974607,1,pn
tvscredit3m,04469089610,04446974608,1,pn
tvscredit3m,04435083054,04446974608,1,pn
tvscredit3m,04469089611,04446974609,1,pn
tvscredit3m,04435083055,04446974609,1,pn
tvscredit3m,04469089612,04446974610,1,pn
tvscredit3m,04435083056,04446974610,1,pn
tvscredit3m,04469089613,04446974611,1,pn
tvscredit3m,04435083057,04446974611,1,pn
tvscredit3m,03368128006,04446974612,1,pn
tvscredit3m,04469089614,04446974612,1,pn
tvscredit3m,04435083058,04446974612,1,pn
tvscredit3m,07314630202,04446974613,1,pn
tvscredit3m,08035791668,04446974613,1,pn
tvscredit3m,04469089615,04446974613,1,pn
tvscredit3m,04435083059,04446974613,1,pn
tvscredit3m,04469089616,04446974615,1,pn
tvscredit3m,04435083060,04446974615,1,pn
tvscredit3m,04469089617,04446974616,1,pn
tvscredit3m,04435083061,04446974616,1,pn
tvscredit3m,04469089618,04446974617,1,pn
tvscredit3m,04435083062,04446974617,1,pn
tvscredit3m,04469089619,04446974618,1,pn
tvscredit3m,04435083063,04446974618,1,pn
tvscredit3m,08038024102,04446974618,1,pn
tvscredit3m,04469089620,04446974619,1,pn
tvscredit3m,04435083064,04446974619,1,pn
tvscredit3m,04469089621,04446974620,1,pn
tvscredit3m,04435083065,04446974620,1,pn
tvscredit3m,04469089622,04446974621,1,pn
tvscredit3m,04435083066,04446974621,1,pn
tvscredit3m,04469089623,04446974622,1,pn
tvscredit3m,04435083067,04446974622,1,pn
tvscredit3m,04435083068,04446974624,1,pn
tvscredit3m,04469089624,04446974624,1,pn
tvscredit3m,04469089625,04446974625,1,pn
tvscredit3m,04435083069,04446974625,1,pn
tvscredit3m,04469089626,04446974626,1,pn
tvscredit3m,04435083070,04446974626,1,pn
tvscredit3m,04469089551,04954255053,1,pn
tvscredit3m,01169053073,04954255053,1,pn
tvscredit3m,08062410563,04954255053,1,pn
tvscredit3m,01135054014,04954255053,1,pn
tvscredit3m,01169053074,04954262545,1,pn
tvscredit3m,08062410562,04954262545,1,pn
tvscredit3m,01135054015,04954262545,1,pn
tvscredit3m,04469089550,04954262545,1,pn
tvscredit3m,01135054002,04954879008,1,pn
tvscredit3m,08062410564,04954879008,1,pn
tvscredit3m,01169053061,04954879008,1,pn
tvscredit3m,04469089552,04954879008,1,pn
tvscredit3m,01135054013,04954879010,1,pn
tvscredit3m,04469089553,04954879010,1,pn
tvscredit3m,08062410565,04954879010,1,pn
tvscredit3m,01169053072,04954879010,1,pn
tvscredit3m,08062410566,04954879011,1,pn
tvscredit3m,01169053071,04954879011,1,pn
tvscredit3m,01135054012,04954879011,1,pn
tvscredit3m,04469089554,04954879011,1,pn
tvscredit3m,01135054011,04954879012,1,pn
tvscredit3m,04469089555,04954879012,1,pn
tvscredit3m,01169053070,04954879012,1,pn
tvscredit3m,08062410567,04954879012,1,pn
tvscredit3m,04469089556,04954879015,1,pn
tvscredit3m,01169053069,04954879015,1,pn
tvscredit3m,08062410568,04954879015,1,pn
tvscredit3m,01135054010,04954879015,1,pn
tvscredit3m,08062410569,04954879018,1,pn
tvscredit3m,01135054009,04954879018,1,pn
tvscredit3m,04469089557,04954879018,1,pn
tvscredit3m,01169053068,04954879018,1,pn
tvscredit3m,01169053067,04954879020,1,pn
tvscredit3m,04469089558,04954879020,1,pn
tvscredit3m,01135054008,04954879020,1,pn
tvscredit3m,08062410570,04954879020,1,pn
tvscredit3m,08062410571,04954879021,1,pn
tvscredit3m,01169053066,04954879021,1,pn
tvscredit3m,04469089559,04954879021,1,pn
tvscredit3m,01135054007,04954879021,1,pn
tvscredit3m,01169053065,04954879022,1,pn
tvscredit3m,08062410572,04954879022,1,pn
tvscredit3m,04469089560,04954879022,1,pn
tvscredit3m,01135054006,04954879022,1,pn
tvscredit3m,01169053064,04954879023,1,pn
tvscredit3m,04435082902,04954879023,1,pn
tvscredit3m,08062410573,04954879023,1,pn
tvscredit3m,01135054005,04954879023,1,pn
tvscredit3m,04469089561,04954879023,1,pn
tvscredit3m,08062410574,04954879024,1,pn
tvscredit3m,01135054004,04954879024,1,pn
tvscredit3m,04469089562,04954879024,1,pn
tvscredit3m,01169053063,04954879024,1,pn
tvscredit3m,04469089563,04954879025,1,pn
tvscredit3m,01169053062,04954879025,1,pn
tvscredit3m,01135054003,04954879025,1,pn
tvscredit3m,08062410575,04954879025,1,pn
tvscredit3m,08035791611,07314852028,1,pn
tvscredit3m,08035791612,07314852064,1,pn
tvscredit3m,08062410540,08037499378,1,pn
tvscredit3m,08035791521,08037499378,1,pn
tvscredit3m,08035791522,08037499841,1,pn
tvscredit3m,01135644008,08037499841,1,pn
tvscredit3m,02241780052,08037499841,1,pn
tvscredit3m,08062410541,08037499841,1,pn
tvscredit3m,08062410542,08037500657,1,pn
tvscredit3m,08035791523,08037500657,1,pn
tvscredit3m,08035791524,08037500662,1,pn
tvscredit3m,08062410543,08037500662,1,pn
tvscredit3m,08035791525,08037500679,1,pn
tvscredit3m,08062410544,08037500679,1,pn
tvscredit3m,08035791526,08037500682,1,pn
tvscredit3m,08062410545,08037500682,1,pn
tvscredit3m,08035791527,08037500695,1,pn
tvscredit3m,08062410546,08037500695,1,pn
tvscredit3m,08035791537,08037779001,1,pn
tvscredit3m,08062410556,08037779001,1,pn
tvscredit3m,08035791538,08037779002,1,pn
tvscredit3m,08062410557,08037779002,1,pn
tvscredit3m,08035791539,08037779006,1,pn
tvscredit3m,08062410547,08069490193,1,pn
tvscredit3m,08035791528,08069490193,1,pn
tvscredit3m,08035791529,08069490195,1,pn
tvscredit3m,08062410548,08069490195,1,pn
tvscredit3m,08062410549,08069490196,1,pn
tvscredit3m,08035791530,08069490196,1,pn
tvscredit3m,08035791531,08069490197,1,pn
tvscredit3m,08062410550,08069490197,1,pn
tvscredit3m,08035791532,08069490198,1,pn
tvscredit3m,08062410552,08069490203,1,pn
tvscredit3m,08035791533,08069490203,1,pn
tvscredit3m,08035791534,08069490205,1,pn
tvscredit3m,08062410553,08069490205,1,pn
tvscredit3m,08035791535,08069490207,1,pn
tvscredit3m,08035791536,08069490208,1,pn
tvscredit3m,08062410555,08069490208,1,pn
tvscredit3m,08062410918,1409260619,1,pn
